id,solver,instance,n_items,n_classes,type,objective,solver_wall_time,best_bound,opt_gap
1,gurobi_lp,set3_t1_corr/I250_C3_1,250,3,1,1993.17,0.62,1993.17,0.0
1,gurobi_lp,set3_t1_corr/I250_C3_10,250,3,1,1979.95,0.56,1979.95,0.0
1,gurobi_lp,set3_t1_corr/I250_C3_2,250,3,1,2138.17,0.54,2138.17,0.0
1,gurobi_lp,set3_t1_corr/I250_C3_3,250,3,1,1867.2,0.57,1867.2,0.0
1,gurobi_lp,set3_t1_corr/I250_C3_4,250,3,1,2010.82,0.58,2010.82,0.0
1,gurobi_lp,set3_t1_corr/I250_C3_5,250,3,1,2001.94,0.58,2001.94,0.0
1,gurobi_lp,set3_t1_corr/I250_C3_6,250,3,1,1968.08,0.6,1968.08,0.0
1,gurobi_lp,set3_t1_corr/I250_C3_7,250,3,1,2114.06,0.56,2114.06,0.0
1,gurobi_lp,set3_t1_corr/I250_C3_8,250,3,1,2098.39,0.54,2098.39,0.0
1,gurobi_lp,set3_t1_corr/I250_C3_9,250,3,1,1898.2,0.57,1898.2,0.0
1,gurobi_lp,set3_t1_noncorr/I250_C3_1,250,3,1,1931.89,0.53,1931.89,0.0
1,gurobi_lp,set3_t1_noncorr/I250_C3_10,250,3,1,1920.99,0.57,1920.99,0.0
1,gurobi_lp,set3_t1_noncorr/I250_C3_2,250,3,1,2140.33,0.45,2140.33,0.0
1,gurobi_lp,set3_t1_noncorr/I250_C3_3,250,3,1,1934.89,0.52,1934.89,0.0
1,gurobi_lp,set3_t1_noncorr/I250_C3_4,250,3,1,1897.55,0.52,1897.55,0.0
1,gurobi_lp,set3_t1_noncorr/I250_C3_5,250,3,1,1924.23,0.57,1924.23,0.0
1,gurobi_lp,set3_t1_noncorr/I250_C3_6,250,3,1,2054.82,0.51,2054.82,0.0
1,gurobi_lp,set3_t1_noncorr/I250_C3_7,250,3,1,1982.98,0.55,1982.98,0.0
1,gurobi_lp,set3_t1_noncorr/I250_C3_8,250,3,1,1924.59,0.49,1924.59,0.0
1,gurobi_lp,set3_t1_noncorr/I250_C3_9,250,3,1,1901.64,0.58,1901.64,0.0
1,gurobi_lp,set3_t1_corr/I250_C4_1,250,4,1,1993.17,0.66,1993.17,0.0
1,gurobi_lp,set3_t1_corr/I250_C4_10,250,4,1,1979.95,0.59,1979.95,0.0
1,gurobi_lp,set3_t1_corr/I250_C4_2,250,4,1,2138.17,0.64,2138.17,0.0
1,gurobi_lp,set3_t1_corr/I250_C4_3,250,4,1,1867.2,0.7,1867.2,0.0
1,gurobi_lp,set3_t1_corr/I250_C4_4,250,4,1,2010.82,0.61,2010.82,0.0
1,gurobi_lp,set3_t1_corr/I250_C4_5,250,4,1,2001.94,0.7,2001.94,0.0
1,gurobi_lp,set3_t1_corr/I250_C4_6,250,4,1,1968.08,0.69,1968.08,0.0
1,gurobi_lp,set3_t1_corr/I250_C4_7,250,4,1,2114.06,0.66,2114.06,0.0
1,gurobi_lp,set3_t1_corr/I250_C4_8,250,4,1,2098.39,0.78,2098.39,0.0
1,gurobi_lp,set3_t1_corr/I250_C4_9,250,4,1,1898.2,0.68,1898.2,0.0
1,gurobi_lp,set3_t1_noncorr/I250_C4_1,250,4,1,1931.89,0.61,1931.89,0.0
1,gurobi_lp,set3_t1_noncorr/I250_C4_10,250,4,1,1920.99,0.59,1920.99,0.0
1,gurobi_lp,set3_t1_noncorr/I250_C4_2,250,4,1,2140.33,0.6,2140.33,0.0
1,gurobi_lp,set3_t1_noncorr/I250_C4_3,250,4,1,1934.89,0.66,1934.89,0.0
1,gurobi_lp,set3_t1_noncorr/I250_C4_4,250,4,1,1897.55,0.69,1897.55,0.0
1,gurobi_lp,set3_t1_noncorr/I250_C4_5,250,4,1,1924.23,0.7,1924.23,0.0
1,gurobi_lp,set3_t1_noncorr/I250_C4_6,250,4,1,2054.82,0.62,2054.82,0.0
1,gurobi_lp,set3_t1_noncorr/I250_C4_7,250,4,1,1982.98,0.65,1982.98,0.0
1,gurobi_lp,set3_t1_noncorr/I250_C4_8,250,4,1,1924.59,0.56,1924.59,0.0
1,gurobi_lp,set3_t1_noncorr/I250_C4_9,250,4,1,1901.64,0.65,1901.64,0.0
1,gurobi_lp,set3_t1_corr/I250_C5_1,250,5,1,1993.17,0.81,1993.17,0.0
1,gurobi_lp,set3_t1_corr/I250_C5_10,250,5,1,1979.95,0.75,1979.95,0.0
1,gurobi_lp,set3_t1_corr/I250_C5_2,250,5,1,2138.17,0.78,2138.17,0.0
1,gurobi_lp,set3_t1_corr/I250_C5_3,250,5,1,1867.2,0.89,1867.2,0.0
1,gurobi_lp,set3_t1_corr/I250_C5_4,250,5,1,2010.82,0.77,2010.82,0.0
1,gurobi_lp,set3_t1_corr/I250_C5_5,250,5,1,2001.94,0.88,2001.94,0.0
1,gurobi_lp,set3_t1_corr/I250_C5_6,250,5,1,1968.08,0.81,1968.08,0.0
1,gurobi_lp,set3_t1_corr/I250_C5_7,250,5,1,2114.06,0.77,2114.06,0.0
1,gurobi_lp,set3_t1_corr/I250_C5_8,250,5,1,2098.39,0.81,2098.39,0.0
1,gurobi_lp,set3_t1_corr/I250_C5_9,250,5,1,1898.2,0.91,1898.2,0.0
1,gurobi_lp,set3_t1_noncorr/I250_C5_1,250,5,1,1931.89,0.8,1931.89,0.0
1,gurobi_lp,set3_t1_noncorr/I250_C5_10,250,5,1,1920.99,0.8,1920.99,0.0
1,gurobi_lp,set3_t1_noncorr/I250_C5_2,250,5,1,2140.33,0.74,2140.33,0.0
1,gurobi_lp,set3_t1_noncorr/I250_C5_3,250,5,1,1934.89,0.79,1934.89,0.0
1,gurobi_lp,set3_t1_noncorr/I250_C5_4,250,5,1,1897.55,0.78,1897.55,0.0
1,gurobi_lp,set3_t1_noncorr/I250_C5_5,250,5,1,1924.23,0.85,1924.23,0.0
1,gurobi_lp,set3_t1_noncorr/I250_C5_6,250,5,1,2054.82,0.82,2054.82,0.0
1,gurobi_lp,set3_t1_noncorr/I250_C5_7,250,5,1,1982.98,0.72,1982.98,0.0
1,gurobi_lp,set3_t1_noncorr/I250_C5_8,250,5,1,1924.59,0.7,1924.59,0.0
1,gurobi_lp,set3_t1_noncorr/I250_C5_9,250,5,1,1901.64,0.77,1901.64,0.0
1,gurobi_lp,set3_t1_corr/I500_C3_1,500,3,1,3789.85,2.57,3789.85,0.0
1,gurobi_lp,set3_t1_corr/I500_C3_10,500,3,1,3992.31,2.25,3992.31,0.0
1,gurobi_lp,set3_t1_corr/I500_C3_2,500,3,1,3992.73,2.63,3992.73,0.0
1,gurobi_lp,set3_t1_corr/I500_C3_3,500,3,1,3920.89,2.61,3920.89,0.0
1,gurobi_lp,set3_t1_corr/I500_C3_4,500,3,1,4139.36,2.26,4139.36,0.0
1,gurobi_lp,set3_t1_corr/I500_C3_5,500,3,1,3763.25,2.69,3763.25,0.0
1,gurobi_lp,set3_t1_corr/I500_C3_6,500,3,1,3875.9,2.45,3875.9,0.0
1,gurobi_lp,set3_t1_corr/I500_C3_7,500,3,1,4126.48,2.49,4126.48,0.0
1,gurobi_lp,set3_t1_corr/I500_C3_8,500,3,1,4126.76,2.48,4126.76,0.0
1,gurobi_lp,set3_t1_corr/I500_C3_9,500,3,1,4310.14,2.42,4310.14,0.0
1,gurobi_lp,set3_t1_noncorr/I500_C3_1,500,3,1,3965.14,2.54,3965.14,0.0
1,gurobi_lp,set3_t1_noncorr/I500_C3_10,500,3,1,4069.82,2.4,4069.82,0.0
1,gurobi_lp,set3_t1_noncorr/I500_C3_2,500,3,1,4052.59,2.72,4052.59,0.0
1,gurobi_lp,set3_t1_noncorr/I500_C3_3,500,3,1,4112.2,2.73,4112.2,0.0
1,gurobi_lp,set3_t1_noncorr/I500_C3_4,500,3,1,4223.18,2.49,4223.18,0.0
1,gurobi_lp,set3_t1_noncorr/I500_C3_5,500,3,1,3708.85,2.7,3708.85,0.0
1,gurobi_lp,set3_t1_noncorr/I500_C3_6,500,3,1,4273.85,2.57,4273.85,0.0
1,gurobi_lp,set3_t1_noncorr/I500_C3_7,500,3,1,3763.02,2.2,3763.02,0.0
1,gurobi_lp,set3_t1_noncorr/I500_C3_8,500,3,1,4144.26,2.3,4144.26,0.0
1,gurobi_lp,set3_t1_noncorr/I500_C3_9,500,3,1,4253.22,2.34,4253.22,0.0
1,gurobi_lp,set3_t1_corr/I500_C4_1,500,4,1,3789.85,3.0,3789.85,0.0
1,gurobi_lp,set3_t1_corr/I500_C4_10,500,4,1,3992.31,2.76,3992.31,0.0
1,gurobi_lp,set3_t1_corr/I500_C4_2,500,4,1,3992.73,3.14,3992.73,0.0
1,gurobi_lp,set3_t1_corr/I500_C4_3,500,4,1,3920.89,3.24,3920.89,0.0
1,gurobi_lp,set3_t1_corr/I500_C4_4,500,4,1,4139.36,2.97,4139.36,0.0
1,gurobi_lp,set3_t1_corr/I500_C4_5,500,4,1,3763.25,3.3,3763.25,0.0
1,gurobi_lp,set3_t1_corr/I500_C4_6,500,4,1,3875.9,3.11,3875.9,0.0
1,gurobi_lp,set3_t1_corr/I500_C4_7,500,4,1,4126.48,3.16,4126.48,0.0
1,gurobi_lp,set3_t1_corr/I500_C4_8,500,4,1,4126.76,2.92,4126.76,0.0
1,gurobi_lp,set3_t1_corr/I500_C4_9,500,4,1,4310.14,3.17,4310.14,0.0
1,gurobi_lp,set3_t1_noncorr/I500_C4_1,500,4,1,3965.14,3.13,3965.14,0.0
1,gurobi_lp,set3_t1_noncorr/I500_C4_10,500,4,1,4069.82,3.22,4069.82,0.0
1,gurobi_lp,set3_t1_noncorr/I500_C4_2,500,4,1,4052.59,3.14,4052.59,0.0
1,gurobi_lp,set3_t1_noncorr/I500_C4_3,500,4,1,4112.2,3.16,4112.2,0.0
1,gurobi_lp,set3_t1_noncorr/I500_C4_4,500,4,1,4223.18,3.28,4223.18,0.0
1,gurobi_lp,set3_t1_noncorr/I500_C4_5,500,4,1,3708.85,3.21,3708.85,0.0
1,gurobi_lp,set3_t1_noncorr/I500_C4_6,500,4,1,4273.85,3.13,4273.85,0.0
1,gurobi_lp,set3_t1_noncorr/I500_C4_7,500,4,1,3763.02,2.73,3763.02,0.0
1,gurobi_lp,set3_t1_noncorr/I500_C4_8,500,4,1,4144.26,2.99,4144.26,0.0
1,gurobi_lp,set3_t1_noncorr/I500_C4_9,500,4,1,4253.22,3.07,4253.22,0.0
1,gurobi_lp,set3_t1_corr/I500_C5_1,500,5,1,3789.85,3.73,3789.85,0.0
1,gurobi_lp,set3_t1_corr/I500_C5_10,500,5,1,3992.31,3.41,3992.31,0.0
1,gurobi_lp,set3_t1_corr/I500_C5_2,500,5,1,3992.73,3.78,3992.73,0.0
1,gurobi_lp,set3_t1_corr/I500_C5_3,500,5,1,3920.89,3.96,3920.89,0.0
1,gurobi_lp,set3_t1_corr/I500_C5_4,500,5,1,4139.36,3.55,4139.36,0.0
1,gurobi_lp,set3_t1_corr/I500_C5_5,500,5,1,3763.25,3.85,3763.25,0.0
1,gurobi_lp,set3_t1_corr/I500_C5_6,500,5,1,3875.9,3.44,3875.9,0.0
1,gurobi_lp,set3_t1_corr/I500_C5_7,500,5,1,4126.48,4.07,4126.48,0.0
1,gurobi_lp,set3_t1_corr/I500_C5_8,500,5,1,4126.76,3.54,4126.76,0.0
1,gurobi_lp,set3_t1_corr/I500_C5_9,500,5,1,4310.14,4.02,4310.14,0.0
1,gurobi_lp,set3_t1_noncorr/I500_C5_1,500,5,1,3965.14,4.02,3965.14,0.0
1,gurobi_lp,set3_t1_noncorr/I500_C5_10,500,5,1,4069.82,3.68,4069.82,0.0
1,gurobi_lp,set3_t1_noncorr/I500_C5_2,500,5,1,4052.59,3.97,4052.59,0.0
1,gurobi_lp,set3_t1_noncorr/I500_C5_3,500,5,1,4112.2,3.7,4112.2,0.0
1,gurobi_lp,set3_t1_noncorr/I500_C5_4,500,5,1,4223.18,3.67,4223.18,0.0
1,gurobi_lp,set3_t1_noncorr/I500_C5_5,500,5,1,3708.85,3.97,3708.85,0.0
1,gurobi_lp,set3_t1_noncorr/I500_C5_6,500,5,1,4273.85,3.71,4273.85,0.0
1,gurobi_lp,set3_t1_noncorr/I500_C5_7,500,5,1,3763.02,3.69,3763.02,0.0
1,gurobi_lp,set3_t1_noncorr/I500_C5_8,500,5,1,4144.26,3.74,4144.26,0.0
1,gurobi_lp,set3_t1_noncorr/I500_C5_9,500,5,1,4253.22,3.54,4253.22,0.0
1,gurobi_lp,set3_t1_corr/I1000_C3_1,1000,3,1,8137.1,10.39,8137.1,0.0
1,gurobi_lp,set3_t1_corr/I1000_C3_10,1000,3,1,7977.31,9.75,7977.31,0.0
1,gurobi_lp,set3_t1_corr/I1000_C3_2,1000,3,1,8419.49,11.31,8419.49,0.0
1,gurobi_lp,set3_t1_corr/I1000_C3_3,1000,3,1,8428.38,11.94,8428.38,0.0
1,gurobi_lp,set3_t1_corr/I1000_C3_4,1000,3,1,7543.56,11.19,7543.56,0.0
1,gurobi_lp,set3_t1_corr/I1000_C3_5,1000,3,1,8487.73,10.93,8487.73,0.0
1,gurobi_lp,set3_t1_corr/I1000_C3_6,1000,3,1,8130.91,11.88,8130.91,0.0
1,gurobi_lp,set3_t1_corr/I1000_C3_7,1000,3,1,7703.38,11.04,7703.38,0.0
1,gurobi_lp,set3_t1_corr/I1000_C3_8,1000,3,1,8392.63,12.62,8392.63,0.0
1,gurobi_lp,set3_t1_corr/I1000_C3_9,1000,3,1,8469.81,11.18,8469.81,0.0
1,gurobi_lp,set3_t1_noncorr/I1000_C3_1,1000,3,1,8308.28,12.19,8308.28,0.0
1,gurobi_lp,set3_t1_noncorr/I1000_C3_10,1000,3,1,7733.88,11.34,7733.88,0.0
1,gurobi_lp,set3_t1_noncorr/I1000_C3_2,1000,3,1,8128.06,12.8,8128.06,0.0
1,gurobi_lp,set3_t1_noncorr/I1000_C3_3,1000,3,1,8503.49,11.39,8503.49,0.0
1,gurobi_lp,set3_t1_noncorr/I1000_C3_4,1000,3,1,8040.19,10.53,8040.19,0.0
1,gurobi_lp,set3_t1_noncorr/I1000_C3_5,1000,3,1,8159.46,11.71,8159.46,0.0
1,gurobi_lp,set3_t1_noncorr/I1000_C3_6,1000,3,1,8187.52,13.89,8187.52,0.0
1,gurobi_lp,set3_t1_noncorr/I1000_C3_7,1000,3,1,8097.97,11.58,8097.97,0.0
1,gurobi_lp,set3_t1_noncorr/I1000_C3_8,1000,3,1,7738.13,11.45,7738.13,0.0
1,gurobi_lp,set3_t1_noncorr/I1000_C3_9,1000,3,1,8030.47,10.97,8030.47,0.0
1,gurobi_lp,set3_t1_corr/I1000_C4_1,1000,4,1,8137.1,12.43,8137.1,0.0
1,gurobi_lp,set3_t1_corr/I1000_C4_10,1000,4,1,7977.31,14.08,7977.31,0.0
1,gurobi_lp,set3_t1_corr/I1000_C4_2,1000,4,1,8419.49,13.68,8419.49,0.0
1,gurobi_lp,set3_t1_corr/I1000_C4_3,1000,4,1,8428.38,13.58,8428.38,0.0
1,gurobi_lp,set3_t1_corr/I1000_C4_4,1000,4,1,7543.56,13.74,7543.56,0.0
1,gurobi_lp,set3_t1_corr/I1000_C4_5,1000,4,1,8487.73,15.34,8487.73,0.0
1,gurobi_lp,set3_t1_corr/I1000_C4_6,1000,4,1,8130.91,14.06,8130.91,0.0
1,gurobi_lp,set3_t1_corr/I1000_C4_7,1000,4,1,7703.38,14.51,7703.38,0.0
1,gurobi_lp,set3_t1_corr/I1000_C4_8,1000,4,1,8392.63,15.94,8392.63,0.0
1,gurobi_lp,set3_t1_corr/I1000_C4_9,1000,4,1,8469.81,14.12,8469.81,0.0
1,gurobi_lp,set3_t1_noncorr/I1000_C4_1,1000,4,1,8308.28,12.79,8308.28,0.0
1,gurobi_lp,set3_t1_noncorr/I1000_C4_10,1000,4,1,7733.88,12.26,7733.88,0.0
1,gurobi_lp,set3_t1_noncorr/I1000_C4_2,1000,4,1,8128.06,14.56,8128.06,0.0
1,gurobi_lp,set3_t1_noncorr/I1000_C4_3,1000,4,1,8503.49,13.82,8503.49,0.0
1,gurobi_lp,set3_t1_noncorr/I1000_C4_4,1000,4,1,8040.19,12.21,8040.19,0.0
1,gurobi_lp,set3_t1_noncorr/I1000_C4_5,1000,4,1,8159.46,13.12,8159.46,0.0
1,gurobi_lp,set3_t1_noncorr/I1000_C4_6,1000,4,1,8187.52,15.98,8187.52,0.0
1,gurobi_lp,set3_t1_noncorr/I1000_C4_7,1000,4,1,8097.97,14.94,8097.97,0.0
1,gurobi_lp,set3_t1_noncorr/I1000_C4_8,1000,4,1,7738.13,13.41,7738.13,0.0
1,gurobi_lp,set3_t1_noncorr/I1000_C4_9,1000,4,1,8030.47,13.27,8030.47,0.0
1,gurobi_lp,set3_t1_corr/I1000_C5_1,1000,5,1,8137.1,15.45,8137.1,0.0
1,gurobi_lp,set3_t1_corr/I1000_C5_10,1000,5,1,7977.31,16.13,7977.31,0.0
1,gurobi_lp,set3_t1_corr/I1000_C5_2,1000,5,1,8419.49,17.28,8419.49,0.0
1,gurobi_lp,set3_t1_corr/I1000_C5_3,1000,5,1,8428.38,20.17,8428.38,0.0
1,gurobi_lp,set3_t1_corr/I1000_C5_4,1000,5,1,7543.56,17.57,7543.56,0.0
1,gurobi_lp,set3_t1_corr/I1000_C5_5,1000,5,1,8487.73,17.3,8487.73,0.0
1,gurobi_lp,set3_t1_corr/I1000_C5_6,1000,5,1,8130.91,19.2,8130.91,0.0
1,gurobi_lp,set3_t1_corr/I1000_C5_7,1000,5,1,7703.38,15.98,7703.38,0.0
1,gurobi_lp,set3_t1_corr/I1000_C5_8,1000,5,1,8392.63,19.8,8392.63,0.0
1,gurobi_lp,set3_t1_corr/I1000_C5_9,1000,5,1,8469.81,15.65,8469.81,0.0
1,gurobi_lp,set3_t1_noncorr/I1000_C5_1,1000,5,1,8308.28,21.06,8308.28,0.0
1,gurobi_lp,set3_t1_noncorr/I1000_C5_10,1000,5,1,7733.88,14.68,7733.88,0.0
1,gurobi_lp,set3_t1_noncorr/I1000_C5_2,1000,5,1,8128.06,17.49,8128.06,0.0
1,gurobi_lp,set3_t1_noncorr/I1000_C5_3,1000,5,1,8503.49,15.81,8503.49,0.0
1,gurobi_lp,set3_t1_noncorr/I1000_C5_4,1000,5,1,8040.19,15.63,8040.19,0.0
1,gurobi_lp,set3_t1_noncorr/I1000_C5_5,1000,5,1,8159.46,17.04,8159.46,0.0
1,gurobi_lp,set3_t1_noncorr/I1000_C5_6,1000,5,1,8187.52,17.86,8187.52,0.0
1,gurobi_lp,set3_t1_noncorr/I1000_C5_7,1000,5,1,8097.97,18.15,8097.97,0.0
1,gurobi_lp,set3_t1_noncorr/I1000_C5_8,1000,5,1,7738.13,17.1,7738.13,0.0
1,gurobi_lp,set3_t1_noncorr/I1000_C5_9,1000,5,1,8030.47,17.03,8030.47,0.0
1,gurobi_lp,set3_t2_corr/I250_C3_1,250,3,2,2927.49,0.45,2927.49,0.0
1,gurobi_lp,set3_t2_corr/I250_C3_10,250,3,2,2626.81,0.44,2626.81,0.0
1,gurobi_lp,set3_t2_corr/I250_C3_2,250,3,2,2810.77,0.52,2810.77,0.0
1,gurobi_lp,set3_t2_corr/I250_C3_3,250,3,2,2739.52,0.51,2739.52,0.0
1,gurobi_lp,set3_t2_corr/I250_C3_4,250,3,2,2862.44,0.46,2862.44,0.0
1,gurobi_lp,set3_t2_corr/I250_C3_5,250,3,2,2689.36,0.56,2689.36,0.0
1,gurobi_lp,set3_t2_corr/I250_C3_6,250,3,2,2618.06,0.5,2618.06,0.0
1,gurobi_lp,set3_t2_corr/I250_C3_7,250,3,2,2578.02,0.57,2578.02,0.0
1,gurobi_lp,set3_t2_corr/I250_C3_8,250,3,2,2492.75,0.48,2492.75,0.0
1,gurobi_lp,set3_t2_corr/I250_C3_9,250,3,2,2751.82,0.47,2751.82,0.0
1,gurobi_lp,set3_t2_noncorr/I250_C3_1,250,3,2,2755.6,0.5,2755.6,0.0
1,gurobi_lp,set3_t2_noncorr/I250_C3_10,250,3,2,2791.46,0.51,2791.46,0.0
1,gurobi_lp,set3_t2_noncorr/I250_C3_2,250,3,2,2751.2,0.54,2751.2,0.0
1,gurobi_lp,set3_t2_noncorr/I250_C3_3,250,3,2,2840.02,0.53,2840.02,0.0
1,gurobi_lp,set3_t2_noncorr/I250_C3_4,250,3,2,2726.17,0.53,2726.17,0.0
1,gurobi_lp,set3_t2_noncorr/I250_C3_5,250,3,2,2775.78,0.53,2775.78,0.0
1,gurobi_lp,set3_t2_noncorr/I250_C3_6,250,3,2,2903.55,0.57,2903.55,0.0
1,gurobi_lp,set3_t2_noncorr/I250_C3_7,250,3,2,2942.49,0.57,2942.49,0.0
1,gurobi_lp,set3_t2_noncorr/I250_C3_8,250,3,2,2743.58,0.51,2743.58,0.0
1,gurobi_lp,set3_t2_noncorr/I250_C3_9,250,3,2,2967.49,0.5,2967.49,0.0
1,gurobi_lp,set3_t2_corr/I250_C4_1,250,4,2,2927.49,0.57,2927.49,0.0
1,gurobi_lp,set3_t2_corr/I250_C4_10,250,4,2,2626.81,0.66,2626.81,0.0
1,gurobi_lp,set3_t2_corr/I250_C4_2,250,4,2,2810.77,0.58,2810.77,0.0
1,gurobi_lp,set3_t2_corr/I250_C4_3,250,4,2,2739.52,0.61,2739.52,0.0
1,gurobi_lp,set3_t2_corr/I250_C4_4,250,4,2,2862.44,0.54,2862.44,0.0
1,gurobi_lp,set3_t2_corr/I250_C4_5,250,4,2,2689.36,0.6,2689.36,0.0
1,gurobi_lp,set3_t2_corr/I250_C4_6,250,4,2,2618.06,0.66,2618.06,0.0
1,gurobi_lp,set3_t2_corr/I250_C4_7,250,4,2,2578.02,0.68,2578.02,0.0
1,gurobi_lp,set3_t2_corr/I250_C4_8,250,4,2,2492.75,0.6,2492.75,0.0
1,gurobi_lp,set3_t2_corr/I250_C4_9,250,4,2,2751.82,0.62,2751.82,0.0
1,gurobi_lp,set3_t2_noncorr/I250_C4_1,250,4,2,2755.6,0.66,2755.6,0.0
1,gurobi_lp,set3_t2_noncorr/I250_C4_10,250,4,2,2791.46,0.58,2791.46,0.0
1,gurobi_lp,set3_t2_noncorr/I250_C4_2,250,4,2,2751.2,0.72,2751.2,0.0
1,gurobi_lp,set3_t2_noncorr/I250_C4_3,250,4,2,2840.02,0.67,2840.02,0.0
1,gurobi_lp,set3_t2_noncorr/I250_C4_4,250,4,2,2726.17,0.65,2726.17,0.0
1,gurobi_lp,set3_t2_noncorr/I250_C4_5,250,4,2,2775.78,0.63,2775.78,0.0
1,gurobi_lp,set3_t2_noncorr/I250_C4_6,250,4,2,2903.55,0.7,2903.55,0.0
1,gurobi_lp,set3_t2_noncorr/I250_C4_7,250,4,2,2942.49,0.65,2942.49,0.0
1,gurobi_lp,set3_t2_noncorr/I250_C4_8,250,4,2,2743.58,0.68,2743.58,0.0
1,gurobi_lp,set3_t2_noncorr/I250_C4_9,250,4,2,2967.49,0.59,2967.49,0.0
1,gurobi_lp,set3_t2_corr/I250_C5_1,250,5,2,2927.49,0.69,2927.49,0.0
1,gurobi_lp,set3_t2_corr/I250_C5_10,250,5,2,2626.81,0.7,2626.81,0.0
1,gurobi_lp,set3_t2_corr/I250_C5_2,250,5,2,2810.77,0.7,2810.77,0.0
1,gurobi_lp,set3_t2_corr/I250_C5_3,250,5,2,2739.52,0.77,2739.52,0.0
1,gurobi_lp,set3_t2_corr/I250_C5_4,250,5,2,2862.44,0.7,2862.44,0.0
1,gurobi_lp,set3_t2_corr/I250_C5_5,250,5,2,2689.36,0.8,2689.36,0.0
1,gurobi_lp,set3_t2_corr/I250_C5_6,250,5,2,2618.06,0.8,2618.06,0.0
1,gurobi_lp,set3_t2_corr/I250_C5_7,250,5,2,2578.02,0.81,2578.02,0.0
1,gurobi_lp,set3_t2_corr/I250_C5_8,250,5,2,2492.75,0.69,2492.75,0.0
1,gurobi_lp,set3_t2_corr/I250_C5_9,250,5,2,2751.82,0.71,2751.82,0.0
1,gurobi_lp,set3_t2_noncorr/I250_C5_1,250,5,2,2755.6,0.79,2755.6,0.0
1,gurobi_lp,set3_t2_noncorr/I250_C5_10,250,5,2,2791.46,0.74,2791.46,0.0
1,gurobi_lp,set3_t2_noncorr/I250_C5_2,250,5,2,2751.2,0.85,2751.2,0.0
1,gurobi_lp,set3_t2_noncorr/I250_C5_3,250,5,2,2840.02,0.84,2840.02,0.0
1,gurobi_lp,set3_t2_noncorr/I250_C5_4,250,5,2,2726.17,0.82,2726.17,0.0
1,gurobi_lp,set3_t2_noncorr/I250_C5_5,250,5,2,2775.78,0.8,2775.78,0.0
1,gurobi_lp,set3_t2_noncorr/I250_C5_6,250,5,2,2903.55,0.84,2903.55,0.0
1,gurobi_lp,set3_t2_noncorr/I250_C5_7,250,5,2,2942.49,0.78,2942.49,0.0
1,gurobi_lp,set3_t2_noncorr/I250_C5_8,250,5,2,2743.58,0.79,2743.58,0.0
1,gurobi_lp,set3_t2_noncorr/I250_C5_9,250,5,2,2967.49,0.65,2967.49,0.0
1,gurobi_lp,set3_t2_corr/I500_C3_1,500,3,2,5656.48,2.45,5656.48,0.0
1,gurobi_lp,set3_t2_corr/I500_C3_10,500,3,2,5190.46,2.81,5190.46,0.0
1,gurobi_lp,set3_t2_corr/I500_C3_2,500,3,2,5254.2,2.43,5254.2,0.0
1,gurobi_lp,set3_t2_corr/I500_C3_3,500,3,2,5319.35,2.32,5319.35,0.0
1,gurobi_lp,set3_t2_corr/I500_C3_4,500,3,2,5214.44,2.53,5214.44,0.0
1,gurobi_lp,set3_t2_corr/I500_C3_5,500,3,2,5978.08,2.67,5978.08,0.0
1,gurobi_lp,set3_t2_corr/I500_C3_6,500,3,2,5290.96,2.23,5290.96,0.0
1,gurobi_lp,set3_t2_corr/I500_C3_7,500,3,2,5812.19,2.61,5812.19,0.0
1,gurobi_lp,set3_t2_corr/I500_C3_8,500,3,2,5432.68,2.47,5432.68,0.0
1,gurobi_lp,set3_t2_corr/I500_C3_9,500,3,2,5831.98,2.32,5831.98,0.0
1,gurobi_lp,set3_t2_noncorr/I500_C3_1,500,3,2,5711.94,2.3,5711.94,0.0
1,gurobi_lp,set3_t2_noncorr/I500_C3_10,500,3,2,5369.24,2.51,5369.24,0.0
1,gurobi_lp,set3_t2_noncorr/I500_C3_2,500,3,2,5778.39,2.64,5778.39,0.0
1,gurobi_lp,set3_t2_noncorr/I500_C3_3,500,3,2,5058.5,2.35,5058.5,0.0
1,gurobi_lp,set3_t2_noncorr/I500_C3_4,500,3,2,5644.5,2.49,5644.5,0.0
1,gurobi_lp,set3_t2_noncorr/I500_C3_5,500,3,2,5749.94,2.32,5749.94,0.0
1,gurobi_lp,set3_t2_noncorr/I500_C3_6,500,3,2,5249.67,2.52,5249.67,0.0
1,gurobi_lp,set3_t2_noncorr/I500_C3_7,500,3,2,5494.89,2.55,5494.89,0.0
1,gurobi_lp,set3_t2_noncorr/I500_C3_8,500,3,2,5397.59,2.39,5397.59,0.0
1,gurobi_lp,set3_t2_noncorr/I500_C3_9,500,3,2,5315.79,2.45,5315.79,0.0
1,gurobi_lp,set3_t2_corr/I500_C4_1,500,4,2,5656.48,2.71,5656.48,0.0
1,gurobi_lp,set3_t2_corr/I500_C4_10,500,4,2,5190.46,2.96,5190.46,0.0
1,gurobi_lp,set3_t2_corr/I500_C4_2,500,4,2,5254.2,2.93,5254.2,0.0
1,gurobi_lp,set3_t2_corr/I500_C4_3,500,4,2,5319.35,2.91,5319.35,0.0
1,gurobi_lp,set3_t2_corr/I500_C4_4,500,4,2,5214.44,2.98,5214.44,0.0
1,gurobi_lp,set3_t2_corr/I500_C4_5,500,4,2,5978.08,3.13,5978.08,0.0
1,gurobi_lp,set3_t2_corr/I500_C4_6,500,4,2,5290.96,2.77,5290.96,0.0
1,gurobi_lp,set3_t2_corr/I500_C4_7,500,4,2,5812.19,2.99,5812.19,0.0
1,gurobi_lp,set3_t2_corr/I500_C4_8,500,4,2,5432.68,3.04,5432.68,0.0
1,gurobi_lp,set3_t2_corr/I500_C4_9,500,4,2,5831.98,2.83,5831.98,0.0
1,gurobi_lp,set3_t2_noncorr/I500_C4_1,500,4,2,5711.94,3.09,5711.94,0.0
1,gurobi_lp,set3_t2_noncorr/I500_C4_10,500,4,2,5369.24,3.16,5369.24,0.0
1,gurobi_lp,set3_t2_noncorr/I500_C4_2,500,4,2,5778.39,3.1,5778.39,0.0
1,gurobi_lp,set3_t2_noncorr/I500_C4_3,500,4,2,5058.5,2.77,5058.5,0.0
1,gurobi_lp,set3_t2_noncorr/I500_C4_4,500,4,2,5644.5,2.92,5644.5,0.0
1,gurobi_lp,set3_t2_noncorr/I500_C4_5,500,4,2,5749.94,2.84,5749.94,0.0
1,gurobi_lp,set3_t2_noncorr/I500_C4_6,500,4,2,5249.67,3.15,5249.67,0.0
1,gurobi_lp,set3_t2_noncorr/I500_C4_7,500,4,2,5494.89,3.11,5494.89,0.0
1,gurobi_lp,set3_t2_noncorr/I500_C4_8,500,4,2,5397.59,3.06,5397.59,0.0
1,gurobi_lp,set3_t2_noncorr/I500_C4_9,500,4,2,5315.79,2.92,5315.79,0.0
1,gurobi_lp,set3_t2_corr/I500_C5_1,500,5,2,5656.48,3.58,5656.48,0.0
1,gurobi_lp,set3_t2_corr/I500_C5_10,500,5,2,5190.46,3.67,5190.46,0.0
1,gurobi_lp,set3_t2_corr/I500_C5_2,500,5,2,5254.2,3.51,5254.2,0.0
1,gurobi_lp,set3_t2_corr/I500_C5_3,500,5,2,5319.35,3.3,5319.35,0.0
1,gurobi_lp,set3_t2_corr/I500_C5_4,500,5,2,5214.44,3.7,5214.44,0.0
1,gurobi_lp,set3_t2_corr/I500_C5_5,500,5,2,5978.08,3.43,5978.08,0.0
1,gurobi_lp,set3_t2_corr/I500_C5_6,500,5,2,5290.96,3.35,5290.96,0.0
1,gurobi_lp,set3_t2_corr/I500_C5_7,500,5,2,5812.19,3.76,5812.19,0.0
1,gurobi_lp,set3_t2_corr/I500_C5_8,500,5,2,5432.68,3.8,5432.68,0.0
1,gurobi_lp,set3_t2_corr/I500_C5_9,500,5,2,5831.98,3.93,5831.98,0.0
1,gurobi_lp,set3_t2_noncorr/I500_C5_1,500,5,2,5711.94,3.5,5711.94,0.0
1,gurobi_lp,set3_t2_noncorr/I500_C5_10,500,5,2,5369.24,3.53,5369.24,0.0
1,gurobi_lp,set3_t2_noncorr/I500_C5_2,500,5,2,5778.39,3.6,5778.39,0.0
1,gurobi_lp,set3_t2_noncorr/I500_C5_3,500,5,2,5058.5,3.39,5058.5,0.0
1,gurobi_lp,set3_t2_noncorr/I500_C5_4,500,5,2,5644.5,3.67,5644.5,0.0
1,gurobi_lp,set3_t2_noncorr/I500_C5_5,500,5,2,5749.94,3.47,5749.94,0.0
1,gurobi_lp,set3_t2_noncorr/I500_C5_6,500,5,2,5249.67,3.83,5249.67,0.0
1,gurobi_lp,set3_t2_noncorr/I500_C5_7,500,5,2,5494.89,3.59,5494.89,0.0
1,gurobi_lp,set3_t2_noncorr/I500_C5_8,500,5,2,5397.59,3.63,5397.59,0.0
1,gurobi_lp,set3_t2_noncorr/I500_C5_9,500,5,2,5315.79,3.44,5315.79,0.0
1,gurobi_lp,set3_t2_corr/I1000_C3_1,1000,3,2,11291.53,11.94,11291.53,0.0
1,gurobi_lp,set3_t2_corr/I1000_C3_10,1000,3,2,11748.39,11.32,11748.39,0.0
1,gurobi_lp,set3_t2_corr/I1000_C3_2,1000,3,2,11560.05,12.46,11560.05,0.0
1,gurobi_lp,set3_t2_corr/I1000_C3_3,1000,3,2,10805.37,9.83,10805.37,0.0
1,gurobi_lp,set3_t2_corr/I1000_C3_4,1000,3,2,11456.29,11.14,11456.29,0.0
1,gurobi_lp,set3_t2_corr/I1000_C3_5,1000,3,2,10599.67,12.49,10599.67,0.0
1,gurobi_lp,set3_t2_corr/I1000_C3_6,1000,3,2,10816.29,10.19,10816.29,0.0
1,gurobi_lp,set3_t2_corr/I1000_C3_7,1000,3,2,10762.4,10.83,10762.4,0.0
1,gurobi_lp,set3_t2_corr/I1000_C3_8,1000,3,2,10659.16,12.59,10659.16,0.0
1,gurobi_lp,set3_t2_corr/I1000_C3_9,1000,3,2,11695.77,11.2,11695.77,0.0
1,gurobi_lp,set3_t2_noncorr/I1000_C3_1,1000,3,2,11080.87,13.37,11080.87,0.0
1,gurobi_lp,set3_t2_noncorr/I1000_C3_10,1000,3,2,10580.15,10.84,10580.15,0.0
1,gurobi_lp,set3_t2_noncorr/I1000_C3_2,1000,3,2,10964.93,12.9,10964.93,0.0
1,gurobi_lp,set3_t2_noncorr/I1000_C3_3,1000,3,2,10791.89,12.0,10791.89,0.0
1,gurobi_lp,set3_t2_noncorr/I1000_C3_4,1000,3,2,10328.33,11.04,10328.33,0.0
1,gurobi_lp,set3_t2_noncorr/I1000_C3_5,1000,3,2,10887.26,11.79,10887.26,0.0
1,gurobi_lp,set3_t2_noncorr/I1000_C3_6,1000,3,2,10915.26,10.17,10915.26,0.0
1,gurobi_lp,set3_t2_noncorr/I1000_C3_7,1000,3,2,10968.63,10.48,10968.63,0.0
1,gurobi_lp,set3_t2_noncorr/I1000_C3_8,1000,3,2,10433.6,12.12,10433.6,0.0
1,gurobi_lp,set3_t2_noncorr/I1000_C3_9,1000,3,2,11365.79,12.39,11365.79,0.0
1,gurobi_lp,set3_t2_corr/I1000_C4_1,1000,4,2,11291.53,14.04,11291.53,0.0
1,gurobi_lp,set3_t2_corr/I1000_C4_10,1000,4,2,11748.39,14.15,11748.39,0.0
1,gurobi_lp,set3_t2_corr/I1000_C4_2,1000,4,2,11560.05,13.09,11560.05,0.0
1,gurobi_lp,set3_t2_corr/I1000_C4_3,1000,4,2,10805.37,14.91,10805.37,0.0
1,gurobi_lp,set3_t2_corr/I1000_C4_4,1000,4,2,11456.29,14.39,11456.29,0.0
1,gurobi_lp,set3_t2_corr/I1000_C4_5,1000,4,2,10599.67,14.58,10599.67,0.0
1,gurobi_lp,set3_t2_corr/I1000_C4_6,1000,4,2,10816.29,11.91,10816.29,0.0
1,gurobi_lp,set3_t2_corr/I1000_C4_7,1000,4,2,10762.4,12.56,10762.4,0.0
1,gurobi_lp,set3_t2_corr/I1000_C4_8,1000,4,2,10659.16,14.68,10659.16,0.0
1,gurobi_lp,set3_t2_corr/I1000_C4_9,1000,4,2,11695.77,13.39,11695.77,0.0
1,gurobi_lp,set3_t2_noncorr/I1000_C4_1,1000,4,2,11080.87,15.39,11080.87,0.0
1,gurobi_lp,set3_t2_noncorr/I1000_C4_10,1000,4,2,10580.15,14.1,10580.15,0.0
1,gurobi_lp,set3_t2_noncorr/I1000_C4_2,1000,4,2,10964.93,14.71,10964.93,0.0
1,gurobi_lp,set3_t2_noncorr/I1000_C4_3,1000,4,2,10791.89,14.34,10791.89,0.0
1,gurobi_lp,set3_t2_noncorr/I1000_C4_4,1000,4,2,10328.33,13.94,10328.33,0.0
1,gurobi_lp,set3_t2_noncorr/I1000_C4_5,1000,4,2,10887.26,13.82,10887.26,0.0
1,gurobi_lp,set3_t2_noncorr/I1000_C4_6,1000,4,2,10915.26,14.3,10915.26,0.0
1,gurobi_lp,set3_t2_noncorr/I1000_C4_7,1000,4,2,10968.63,14.07,10968.63,0.0
1,gurobi_lp,set3_t2_noncorr/I1000_C4_8,1000,4,2,10433.6,15.04,10433.6,0.0
1,gurobi_lp,set3_t2_noncorr/I1000_C4_9,1000,4,2,11365.79,14.86,11365.79,0.0
1,gurobi_lp,set3_t2_corr/I1000_C5_1,1000,5,2,11291.53,17.22,11291.53,0.0
1,gurobi_lp,set3_t2_corr/I1000_C5_10,1000,5,2,11748.39,19.37,11748.39,0.0
1,gurobi_lp,set3_t2_corr/I1000_C5_2,1000,5,2,11560.05,15.32,11560.05,0.0
1,gurobi_lp,set3_t2_corr/I1000_C5_3,1000,5,2,10805.37,16.46,10805.37,0.0
1,gurobi_lp,set3_t2_corr/I1000_C5_4,1000,5,2,11456.29,17.39,11456.29,0.0
1,gurobi_lp,set3_t2_corr/I1000_C5_5,1000,5,2,10599.67,18.66,10599.67,0.0
1,gurobi_lp,set3_t2_corr/I1000_C5_6,1000,5,2,10816.29,14.26,10816.29,0.0
1,gurobi_lp,set3_t2_corr/I1000_C5_7,1000,5,2,10762.4,16.57,10762.4,0.0
1,gurobi_lp,set3_t2_corr/I1000_C5_8,1000,5,2,10659.16,16.0,10659.16,0.0
1,gurobi_lp,set3_t2_corr/I1000_C5_9,1000,5,2,11695.77,17.16,11695.77,0.0
1,gurobi_lp,set3_t2_noncorr/I1000_C5_1,1000,5,2,11080.87,18.92,11080.87,0.0
1,gurobi_lp,set3_t2_noncorr/I1000_C5_10,1000,5,2,10580.15,16.35,10580.15,0.0
1,gurobi_lp,set3_t2_noncorr/I1000_C5_2,1000,5,2,10964.93,19.21,10964.93,0.0
1,gurobi_lp,set3_t2_noncorr/I1000_C5_3,1000,5,2,10791.89,17.92,10791.89,0.0
1,gurobi_lp,set3_t2_noncorr/I1000_C5_4,1000,5,2,10328.33,19.2,10328.33,0.0
1,gurobi_lp,set3_t2_noncorr/I1000_C5_5,1000,5,2,10887.26,19.2,10887.26,0.0
1,gurobi_lp,set3_t2_noncorr/I1000_C5_6,1000,5,2,10915.26,16.39,10915.26,0.0
1,gurobi_lp,set3_t2_noncorr/I1000_C5_7,1000,5,2,10968.63,17.9,10968.63,0.0
1,gurobi_lp,set3_t2_noncorr/I1000_C5_8,1000,5,2,10433.6,18.41,10433.6,0.0
1,gurobi_lp,set3_t2_noncorr/I1000_C5_9,1000,5,2,11365.79,17.15,11365.79,0.0
1,gurobi_lp,set3_t3_corr/I250_C3_1,250,3,3,3690.48,0.49,3690.48,0.0
1,gurobi_lp,set3_t3_corr/I250_C3_10,250,3,3,3463.75,0.48,3463.75,0.0
1,gurobi_lp,set3_t3_corr/I250_C3_2,250,3,3,3251.42,0.56,3251.42,0.0
1,gurobi_lp,set3_t3_corr/I250_C3_3,250,3,3,3539.22,0.51,3539.22,0.0
1,gurobi_lp,set3_t3_corr/I250_C3_4,250,3,3,3528.6,0.55,3528.6,0.0
1,gurobi_lp,set3_t3_corr/I250_C3_5,250,3,3,3420.13,0.59,3420.13,0.0
1,gurobi_lp,set3_t3_corr/I250_C3_6,250,3,3,3627.66,0.51,3627.66,0.0
1,gurobi_lp,set3_t3_corr/I250_C3_7,250,3,3,3686.3,0.47,3686.3,0.0
1,gurobi_lp,set3_t3_corr/I250_C3_8,250,3,3,3333.26,0.51,3333.26,0.0
1,gurobi_lp,set3_t3_corr/I250_C3_9,250,3,3,3472.95,0.49,3472.95,0.0
1,gurobi_lp,set3_t3_noncorr/I250_C3_1,250,3,3,3301.05,0.48,3301.05,0.0
1,gurobi_lp,set3_t3_noncorr/I250_C3_10,250,3,3,3310.14,0.55,3310.14,0.0
1,gurobi_lp,set3_t3_noncorr/I250_C3_2,250,3,3,3504.96,0.55,3504.96,0.0
1,gurobi_lp,set3_t3_noncorr/I250_C3_3,250,3,3,3573.15,0.47,3573.15,0.0
1,gurobi_lp,set3_t3_noncorr/I250_C3_4,250,3,3,3378.48,0.48,3378.48,0.0
1,gurobi_lp,set3_t3_noncorr/I250_C3_5,250,3,3,3611.17,0.61,3611.17,0.0
1,gurobi_lp,set3_t3_noncorr/I250_C3_6,250,3,3,3669.36,0.54,3669.36,0.0
1,gurobi_lp,set3_t3_noncorr/I250_C3_7,250,3,3,3379.94,0.49,3379.94,0.0
1,gurobi_lp,set3_t3_noncorr/I250_C3_8,250,3,3,3655.69,0.52,3655.69,0.0
1,gurobi_lp,set3_t3_noncorr/I250_C3_9,250,3,3,3492.52,0.54,3492.52,0.0
1,gurobi_lp,set3_t3_corr/I250_C4_1,250,4,3,3690.48,0.57,3690.48,0.0
1,gurobi_lp,set3_t3_corr/I250_C4_10,250,4,3,3463.75,0.66,3463.75,0.0
1,gurobi_lp,set3_t3_corr/I250_C4_2,250,4,3,3251.42,0.7,3251.42,0.0
1,gurobi_lp,set3_t3_corr/I250_C4_3,250,4,3,3539.22,0.58,3539.22,0.0
1,gurobi_lp,set3_t3_corr/I250_C4_4,250,4,3,3528.6,0.65,3528.6,0.0
1,gurobi_lp,set3_t3_corr/I250_C4_5,250,4,3,3420.13,0.71,3420.13,0.0
1,gurobi_lp,set3_t3_corr/I250_C4_6,250,4,3,3627.66,0.6,3627.66,0.0
1,gurobi_lp,set3_t3_corr/I250_C4_7,250,4,3,3686.3,0.58,3686.3,0.0
1,gurobi_lp,set3_t3_corr/I250_C4_8,250,4,3,3333.26,0.62,3333.26,0.0
1,gurobi_lp,set3_t3_corr/I250_C4_9,250,4,3,3472.95,0.59,3472.95,0.0
1,gurobi_lp,set3_t3_noncorr/I250_C4_1,250,4,3,3301.05,0.59,3301.05,0.0
1,gurobi_lp,set3_t3_noncorr/I250_C4_10,250,4,3,3310.14,0.7,3310.14,0.0
1,gurobi_lp,set3_t3_noncorr/I250_C4_2,250,4,3,3504.96,0.63,3504.96,0.0
1,gurobi_lp,set3_t3_noncorr/I250_C4_3,250,4,3,3573.15,0.67,3573.15,0.0
1,gurobi_lp,set3_t3_noncorr/I250_C4_4,250,4,3,3378.48,0.65,3378.48,0.0
1,gurobi_lp,set3_t3_noncorr/I250_C4_5,250,4,3,3611.17,0.69,3611.17,0.0
1,gurobi_lp,set3_t3_noncorr/I250_C4_6,250,4,3,3669.36,0.7,3669.36,0.0
1,gurobi_lp,set3_t3_noncorr/I250_C4_7,250,4,3,3379.94,0.63,3379.94,0.0
1,gurobi_lp,set3_t3_noncorr/I250_C4_8,250,4,3,3655.69,0.65,3655.69,0.0
1,gurobi_lp,set3_t3_noncorr/I250_C4_9,250,4,3,3492.52,0.62,3492.52,0.0
1,gurobi_lp,set3_t3_corr/I250_C5_1,250,5,3,3690.48,0.78,3690.48,0.0
1,gurobi_lp,set3_t3_corr/I250_C5_10,250,5,3,3463.75,0.77,3463.75,0.0
1,gurobi_lp,set3_t3_corr/I250_C5_2,250,5,3,3251.42,0.81,3251.42,0.0
1,gurobi_lp,set3_t3_corr/I250_C5_3,250,5,3,3539.22,0.67,3539.22,0.0
1,gurobi_lp,set3_t3_corr/I250_C5_4,250,5,3,3528.6,0.78,3528.6,0.0
1,gurobi_lp,set3_t3_corr/I250_C5_5,250,5,3,3420.13,0.79,3420.13,0.0
1,gurobi_lp,set3_t3_corr/I250_C5_6,250,5,3,3627.66,0.81,3627.66,0.0
1,gurobi_lp,set3_t3_corr/I250_C5_7,250,5,3,3686.3,0.77,3686.3,0.0
1,gurobi_lp,set3_t3_corr/I250_C5_8,250,5,3,3333.26,0.8,3333.26,0.0
1,gurobi_lp,set3_t3_corr/I250_C5_9,250,5,3,3472.95,0.68,3472.95,0.0
1,gurobi_lp,set3_t3_noncorr/I250_C5_1,250,5,3,3301.05,0.68,3301.05,0.0
1,gurobi_lp,set3_t3_noncorr/I250_C5_10,250,5,3,3310.14,0.75,3310.14,0.0
1,gurobi_lp,set3_t3_noncorr/I250_C5_2,250,5,3,3504.96,0.79,3504.96,0.0
1,gurobi_lp,set3_t3_noncorr/I250_C5_3,250,5,3,3573.15,0.74,3573.15,0.0
1,gurobi_lp,set3_t3_noncorr/I250_C5_4,250,5,3,3378.48,0.81,3378.48,0.0
1,gurobi_lp,set3_t3_noncorr/I250_C5_5,250,5,3,3611.17,0.75,3611.17,0.0
1,gurobi_lp,set3_t3_noncorr/I250_C5_6,250,5,3,3669.36,0.74,3669.36,0.0
1,gurobi_lp,set3_t3_noncorr/I250_C5_7,250,5,3,3379.94,0.7,3379.94,0.0
1,gurobi_lp,set3_t3_noncorr/I250_C5_8,250,5,3,3655.69,0.71,3655.69,0.0
1,gurobi_lp,set3_t3_noncorr/I250_C5_9,250,5,3,3492.52,0.74,3492.52,0.0
1,gurobi_lp,set3_t3_corr/I500_C3_1,500,3,3,6978.65,2.43,6978.65,0.0
1,gurobi_lp,set3_t3_corr/I500_C3_10,500,3,3,7359.87,1.98,7359.87,0.0
1,gurobi_lp,set3_t3_corr/I500_C3_2,500,3,3,6811.6,2.36,6811.6,0.0
1,gurobi_lp,set3_t3_corr/I500_C3_3,500,3,3,7193.99,2.24,7193.99,0.0
1,gurobi_lp,set3_t3_corr/I500_C3_4,500,3,3,6537.07,2.35,6537.07,0.0
1,gurobi_lp,set3_t3_corr/I500_C3_5,500,3,3,6739.78,2.28,6739.78,0.0
1,gurobi_lp,set3_t3_corr/I500_C3_6,500,3,3,7191.36,2.5,7191.36,0.0
1,gurobi_lp,set3_t3_corr/I500_C3_7,500,3,3,7182.68,2.42,7182.68,0.0
1,gurobi_lp,set3_t3_corr/I500_C3_8,500,3,3,7526.78,2.4,7526.78,0.0
1,gurobi_lp,set3_t3_corr/I500_C3_9,500,3,3,6954.71,2.16,6954.71,0.0
1,gurobi_lp,set3_t3_noncorr/I500_C3_1,500,3,3,6704.18,2.58,6704.18,0.0
1,gurobi_lp,set3_t3_noncorr/I500_C3_10,500,3,3,6909.18,2.36,6909.18,0.0
1,gurobi_lp,set3_t3_noncorr/I500_C3_2,500,3,3,7092.7,2.22,7092.7,0.0
1,gurobi_lp,set3_t3_noncorr/I500_C3_3,500,3,3,7237.15,2.1,7237.15,0.0
1,gurobi_lp,set3_t3_noncorr/I500_C3_4,500,3,3,7500.69,2.57,7500.69,0.0
1,gurobi_lp,set3_t3_noncorr/I500_C3_5,500,3,3,6916.46,2.27,6916.46,0.0
1,gurobi_lp,set3_t3_noncorr/I500_C3_6,500,3,3,6920.47,2.45,6920.47,0.0
1,gurobi_lp,set3_t3_noncorr/I500_C3_7,500,3,3,7371.98,2.17,7371.98,0.0
1,gurobi_lp,set3_t3_noncorr/I500_C3_8,500,3,3,7069.47,2.39,7069.47,0.0
1,gurobi_lp,set3_t3_noncorr/I500_C3_9,500,3,3,6617.95,2.21,6617.95,0.0
1,gurobi_lp,set3_t3_corr/I500_C4_1,500,4,3,6978.65,2.97,6978.65,0.0
1,gurobi_lp,set3_t3_corr/I500_C4_10,500,4,3,7359.87,2.56,7359.87,0.0
1,gurobi_lp,set3_t3_corr/I500_C4_2,500,4,3,6811.6,3.03,6811.6,0.0
1,gurobi_lp,set3_t3_corr/I500_C4_3,500,4,3,7193.99,2.53,7193.99,0.0
1,gurobi_lp,set3_t3_corr/I500_C4_4,500,4,3,6537.07,2.82,6537.07,0.0
1,gurobi_lp,set3_t3_corr/I500_C4_5,500,4,3,6739.78,2.8,6739.78,0.0
1,gurobi_lp,set3_t3_corr/I500_C4_6,500,4,3,7191.36,3.05,7191.36,0.0
1,gurobi_lp,set3_t3_corr/I500_C4_7,500,4,3,7182.68,2.99,7182.68,0.0
1,gurobi_lp,set3_t3_corr/I500_C4_8,500,4,3,7526.78,3.02,7526.78,0.0
1,gurobi_lp,set3_t3_corr/I500_C4_9,500,4,3,6954.71,2.54,6954.71,0.0
1,gurobi_lp,set3_t3_noncorr/I500_C4_1,500,4,3,6704.18,3.34,6704.18,0.0
1,gurobi_lp,set3_t3_noncorr/I500_C4_10,500,4,3,6909.18,3.12,6909.18,0.0
1,gurobi_lp,set3_t3_noncorr/I500_C4_2,500,4,3,7092.7,3.16,7092.7,0.0
1,gurobi_lp,set3_t3_noncorr/I500_C4_3,500,4,3,7237.15,2.88,7237.15,0.0
1,gurobi_lp,set3_t3_noncorr/I500_C4_4,500,4,3,7500.69,2.94,7500.69,0.0
1,gurobi_lp,set3_t3_noncorr/I500_C4_5,500,4,3,6916.46,3.13,6916.46,0.0
1,gurobi_lp,set3_t3_noncorr/I500_C4_6,500,4,3,6920.47,3.09,6920.47,0.0
1,gurobi_lp,set3_t3_noncorr/I500_C4_7,500,4,3,7371.98,2.63,7371.98,0.0
1,gurobi_lp,set3_t3_noncorr/I500_C4_8,500,4,3,7069.47,2.9,7069.47,0.0
1,gurobi_lp,set3_t3_noncorr/I500_C4_9,500,4,3,6617.95,2.61,6617.95,0.0
1,gurobi_lp,set3_t3_corr/I500_C5_1,500,5,3,6978.65,3.38,6978.65,0.0
1,gurobi_lp,set3_t3_corr/I500_C5_10,500,5,3,7359.87,2.94,7359.87,0.0
1,gurobi_lp,set3_t3_corr/I500_C5_2,500,5,3,6811.6,3.76,6811.6,0.0
1,gurobi_lp,set3_t3_corr/I500_C5_3,500,5,3,7193.99,3.41,7193.99,0.0
1,gurobi_lp,set3_t3_corr/I500_C5_4,500,5,3,6537.07,3.64,6537.07,0.0
1,gurobi_lp,set3_t3_corr/I500_C5_5,500,5,3,6739.78,3.5,6739.78,0.0
1,gurobi_lp,set3_t3_corr/I500_C5_6,500,5,3,7191.36,3.48,7191.36,0.0
1,gurobi_lp,set3_t3_corr/I500_C5_7,500,5,3,7182.68,3.49,7182.68,0.0
1,gurobi_lp,set3_t3_corr/I500_C5_8,500,5,3,7526.78,3.65,7526.78,0.0
1,gurobi_lp,set3_t3_corr/I500_C5_9,500,5,3,6954.71,3.23,6954.71,0.0
1,gurobi_lp,set3_t3_noncorr/I500_C5_1,500,5,3,6704.18,3.55,6704.18,0.0
1,gurobi_lp,set3_t3_noncorr/I500_C5_10,500,5,3,6909.18,3.8,6909.18,0.0
1,gurobi_lp,set3_t3_noncorr/I500_C5_2,500,5,3,7092.7,3.36,7092.7,0.0
1,gurobi_lp,set3_t3_noncorr/I500_C5_3,500,5,3,7237.15,3.08,7237.15,0.0
1,gurobi_lp,set3_t3_noncorr/I500_C5_4,500,5,3,7500.69,3.58,7500.69,0.0
1,gurobi_lp,set3_t3_noncorr/I500_C5_5,500,5,3,6916.46,3.52,6916.46,0.0
1,gurobi_lp,set3_t3_noncorr/I500_C5_6,500,5,3,6920.47,3.45,6920.47,0.0
1,gurobi_lp,set3_t3_noncorr/I500_C5_7,500,5,3,7371.98,3.07,7371.98,0.0
1,gurobi_lp,set3_t3_noncorr/I500_C5_8,500,5,3,7069.47,3.47,7069.47,0.0
1,gurobi_lp,set3_t3_noncorr/I500_C5_9,500,5,3,6617.95,3.58,6617.95,0.0
1,gurobi_lp,set3_t3_corr/I1000_C3_1,1000,3,3,14564.54,10.47,14564.54,0.0
1,gurobi_lp,set3_t3_corr/I1000_C3_10,1000,3,3,14231.03,13.04,14231.03,0.0
1,gurobi_lp,set3_t3_corr/I1000_C3_2,1000,3,3,14686.81,11.74,14686.81,0.0
1,gurobi_lp,set3_t3_corr/I1000_C3_3,1000,3,3,13239.21,10.87,13239.21,0.0
1,gurobi_lp,set3_t3_corr/I1000_C3_4,1000,3,3,14922.13,10.81,14922.13,0.0
1,gurobi_lp,set3_t3_corr/I1000_C3_5,1000,3,3,14272.33,11.39,14272.33,0.0
1,gurobi_lp,set3_t3_corr/I1000_C3_6,1000,3,3,13398.9,10.48,13398.9,0.0
1,gurobi_lp,set3_t3_corr/I1000_C3_7,1000,3,3,14625.12,12.04,14625.12,0.0
1,gurobi_lp,set3_t3_corr/I1000_C3_8,1000,3,3,14769.72,10.67,14769.72,0.0
1,gurobi_lp,set3_t3_corr/I1000_C3_9,1000,3,3,13835.55,10.22,13835.55,0.0
1,gurobi_lp,set3_t3_noncorr/I1000_C3_1,1000,3,3,14186.21,11.17,14186.21,0.0
1,gurobi_lp,set3_t3_noncorr/I1000_C3_10,1000,3,3,13716.54,11.56,13716.54,0.0
1,gurobi_lp,set3_t3_noncorr/I1000_C3_2,1000,3,3,14332.8,10.03,14332.8,0.0
1,gurobi_lp,set3_t3_noncorr/I1000_C3_3,1000,3,3,14396.3,11.25,14396.3,0.0
1,gurobi_lp,set3_t3_noncorr/I1000_C3_4,1000,3,3,12878.01,10.91,12878.01,0.0
1,gurobi_lp,set3_t3_noncorr/I1000_C3_5,1000,3,3,14838.19,11.0,14838.19,0.0
1,gurobi_lp,set3_t3_noncorr/I1000_C3_6,1000,3,3,13397.78,10.23,13397.78,0.0
1,gurobi_lp,set3_t3_noncorr/I1000_C3_7,1000,3,3,14344.97,10.87,14344.97,0.0
1,gurobi_lp,set3_t3_noncorr/I1000_C3_8,1000,3,3,14707.41,10.09,14707.41,0.0
1,gurobi_lp,set3_t3_noncorr/I1000_C3_9,1000,3,3,14655.39,11.38,14655.39,0.0
1,gurobi_lp,set3_t3_corr/I1000_C4_1,1000,4,3,14564.54,14.2,14564.54,0.0
1,gurobi_lp,set3_t3_corr/I1000_C4_10,1000,4,3,14231.03,14.44,14231.03,0.0
1,gurobi_lp,set3_t3_corr/I1000_C4_2,1000,4,3,14686.81,14.54,14686.81,0.0
1,gurobi_lp,set3_t3_corr/I1000_C4_3,1000,4,3,13239.21,14.24,13239.21,0.0
1,gurobi_lp,set3_t3_corr/I1000_C4_4,1000,4,3,14922.13,13.96,14922.13,0.0
1,gurobi_lp,set3_t3_corr/I1000_C4_5,1000,4,3,14272.33,13.27,14272.33,0.0
1,gurobi_lp,set3_t3_corr/I1000_C4_6,1000,4,3,13398.9,15.14,13398.9,0.0
1,gurobi_lp,set3_t3_corr/I1000_C4_7,1000,4,3,14625.12,14.48,14625.12,0.0
1,gurobi_lp,set3_t3_corr/I1000_C4_8,1000,4,3,14769.72,13.13,14769.72,0.0
1,gurobi_lp,set3_t3_corr/I1000_C4_9,1000,4,3,13835.55,12.74,13835.55,0.0
1,gurobi_lp,set3_t3_noncorr/I1000_C4_1,1000,4,3,14186.21,14.19,14186.21,0.0
1,gurobi_lp,set3_t3_noncorr/I1000_C4_10,1000,4,3,13716.54,14.44,13716.54,0.0
1,gurobi_lp,set3_t3_noncorr/I1000_C4_2,1000,4,3,14332.8,11.66,14332.8,0.0
1,gurobi_lp,set3_t3_noncorr/I1000_C4_3,1000,4,3,14396.3,13.5,14396.3,0.0
1,gurobi_lp,set3_t3_noncorr/I1000_C4_4,1000,4,3,12878.01,12.59,12878.01,0.0
1,gurobi_lp,set3_t3_noncorr/I1000_C4_5,1000,4,3,14838.19,13.05,14838.19,0.0
1,gurobi_lp,set3_t3_noncorr/I1000_C4_6,1000,4,3,13397.78,13.9,13397.78,0.0
1,gurobi_lp,set3_t3_noncorr/I1000_C4_7,1000,4,3,14344.97,14.0,14344.97,0.0
1,gurobi_lp,set3_t3_noncorr/I1000_C4_8,1000,4,3,14707.41,13.25,14707.41,0.0
1,gurobi_lp,set3_t3_noncorr/I1000_C4_9,1000,4,3,14655.39,13.85,14655.39,0.0
1,gurobi_lp,set3_t3_corr/I1000_C5_1,1000,5,3,14564.54,18.14,14564.54,0.0
1,gurobi_lp,set3_t3_corr/I1000_C5_10,1000,5,3,14231.03,18.34,14231.03,0.0
1,gurobi_lp,set3_t3_corr/I1000_C5_2,1000,5,3,14686.81,18.62,14686.81,0.0
1,gurobi_lp,set3_t3_corr/I1000_C5_3,1000,5,3,13239.21,16.91,13239.21,0.0
1,gurobi_lp,set3_t3_corr/I1000_C5_4,1000,5,3,14922.13,17.55,14922.13,0.0
1,gurobi_lp,set3_t3_corr/I1000_C5_5,1000,5,3,14272.33,16.98,14272.33,0.0
1,gurobi_lp,set3_t3_corr/I1000_C5_6,1000,5,3,13398.9,16.21,13398.9,0.0
1,gurobi_lp,set3_t3_corr/I1000_C5_7,1000,5,3,14625.12,17.4,14625.12,0.0
1,gurobi_lp,set3_t3_corr/I1000_C5_8,1000,5,3,14769.72,16.32,14769.72,0.0
1,gurobi_lp,set3_t3_corr/I1000_C5_9,1000,5,3,13835.55,15.78,13835.55,0.0
1,gurobi_lp,set3_t3_noncorr/I1000_C5_1,1000,5,3,14186.21,17.03,14186.21,0.0
1,gurobi_lp,set3_t3_noncorr/I1000_C5_10,1000,5,3,13716.54,17.91,13716.54,0.0
1,gurobi_lp,set3_t3_noncorr/I1000_C5_2,1000,5,3,14332.8,16.47,14332.8,0.0
1,gurobi_lp,set3_t3_noncorr/I1000_C5_3,1000,5,3,14396.3,17.23,14396.3,0.0
1,gurobi_lp,set3_t3_noncorr/I1000_C5_4,1000,5,3,12878.01,16.69,12878.01,0.0
1,gurobi_lp,set3_t3_noncorr/I1000_C5_5,1000,5,3,14838.19,16.19,14838.19,0.0
1,gurobi_lp,set3_t3_noncorr/I1000_C5_6,1000,5,3,13397.78,16.44,13397.78,0.0
1,gurobi_lp,set3_t3_noncorr/I1000_C5_7,1000,5,3,14344.97,18.28,14344.97,0.0
1,gurobi_lp,set3_t3_noncorr/I1000_C5_8,1000,5,3,14707.41,16.57,14707.41,0.0
1,gurobi_lp,set3_t3_noncorr/I1000_C5_9,1000,5,3,14655.39,16.56,14655.39,0.0
